<linker>
	<assembly fullname="UnityEngine">
		<type fullname="UnityEngine.Object" preserve="nothing"/>
		<type fullname="UnityEditor.MonoScript" preserve="nothing"/>
		<type fullname="UnityEngine.Material" preserve="nothing"/>
		<type fullname="UnityEngine.Texture" preserve="nothing"/>
		<type fullname="UnityEngine.Texture2D" preserve="nothing"/>
		<type fullname="UnityEngine.Sprite" preserve="nothing"/>
		<type fullname="UnityEditor.VFXManager" preserve="nothing"/>
		<type fullname="UnityEngine.Shader" preserve="nothing"/>
		<type fullname="UnityEngine.TextAsset" preserve="nothing"/>
		<type fullname="UnityEditor.TagManager" preserve="nothing"/>
		<type fullname="UnityEditor.MonoManager" preserve="nothing"/>
		<type fullname="UnityEngine.Rendering.GraphicsSettings" preserve="nothing"/>
		<type fullname="UnityEditor.PlayerSettings" preserve="nothing"/>
		<type fullname="UnityEditor.TimeManager" preserve="nothing"/>
		<type fullname="UnityEditor.InputManager" preserve="nothing"/>
		<type fullname="UnityEditor.PhysicsManager" preserve="nothing"/>
		<type fullname="UnityEditor.AudioManager" preserve="nothing"/>
		<type fullname="UnityEditor.Physics2DSettings" preserve="nothing"/>
		<type fullname="UnityEngine.QualitySettings" preserve="nothing"/>
		<type fullname="UnityEngine.Camera" preserve="nothing"/>
		<type fullname="UnityEngine.Transform" preserve="nothing"/>
		<type fullname="UnityEngine.Renderer" preserve="nothing"/>
		<type fullname="UnityEngine.SpriteRenderer" preserve="nothing"/>
		<type fullname="UnityEngine.AudioSource" preserve="nothing"/>
		<type fullname="UnityEngine.AudioBehaviour" preserve="nothing"/>
		<type fullname="UnityEngine.AudioListener" preserve="nothing"/>
		<type fullname="UnityEngine.Rigidbody2D" preserve="nothing"/>
		<type fullname="UnityEngine.Collider2D" preserve="nothing"/>
		<type fullname="UnityEngine.CircleCollider2D" preserve="nothing"/>
		<type fullname="UnityEngine.CapsuleCollider2D" preserve="nothing"/>
		<type fullname="UnityEngine.EdgeCollider2D" preserve="nothing"/>
		<type fullname="UnityEngine.PolygonCollider2D" preserve="nothing"/>
		<type fullname="UnityEngine.Canvas" preserve="nothing"/>
		<type fullname="UnityEngine.RectTransform" preserve="nothing"/>
		<type fullname="UnityEngine.Behaviour" preserve="nothing"/>
		<type fullname="UnityEngine.Animation" preserve="nothing"/>
		<type fullname="UnityEngine.GameObject" preserve="nothing"/>
		<type fullname="UnityEngine.Component" preserve="nothing"/>
		<type fullname="UnityEngine.AnimationClip" preserve="nothing"/>
		<type fullname="UnityEngine.MonoBehaviour" preserve="nothing"/>
		<type fullname="UnityEngine.Animator" preserve="nothing"/>
		<type fullname="UnityEditor.Animations.AnimatorController" preserve="nothing"/>
		<type fullname="UnityEngine.Motion" preserve="nothing"/>
		<type fullname="UnityEngine.RuntimeAnimatorController" preserve="nothing"/>
		<type fullname="UnityEngine.LightmapSettings" preserve="nothing"/>
		<type fullname="UnityEngine.Font" preserve="nothing"/>
		<type fullname="UnityEngine.CanvasRenderer" preserve="nothing"/>
		<type fullname="UnityEngine.RenderSettings" preserve="nothing"/>
		<type fullname="UnityEngine.AudioClip" preserve="nothing"/>
		<type fullname="UnityEngine.PhysicsMaterial2D" preserve="nothing"/>
	</assembly>
	<assembly fullname="Assembly-CSharp">
		<type fullname="BackgroundControl_0" preserve="nothing"/>
		<type fullname="Bomb" preserve="nothing"/>
		<type fullname="Boss" preserve="nothing"/>
		<type fullname="Car" preserve="nothing"/>
		<type fullname="EnemyManager" preserve="nothing"/>
		<type fullname="HorizontalScrollerUI" preserve="nothing"/>
		<type fullname="ParallaxBackground_0" preserve="nothing"/>
		<type fullname="PooShi" preserve="nothing"/>
		<type fullname="PooShiToken" preserve="nothing"/>
	</assembly>
	<assembly fullname="Unity.TextMeshPro">
		<type fullname="TMPro.TMP_FontAsset" preserve="nothing"/>
		<type fullname="TMPro.TMP_Settings" preserve="nothing"/>
		<type fullname="TMPro.TMP_SpriteAsset" preserve="nothing"/>
		<type fullname="TMPro.TMP_StyleSheet" preserve="nothing"/>
		<type fullname="TMPro.TextMeshProUGUI" preserve="nothing"/>
	</assembly>
	<assembly fullname="UnityEngine.UI">
		<type fullname="UnityEngine.EventSystems.EventSystem" preserve="nothing"/>
		<type fullname="UnityEngine.EventSystems.StandaloneInputModule" preserve="nothing"/>
		<type fullname="UnityEngine.UI.Button" preserve="nothing"/>
		<type fullname="UnityEngine.UI.CanvasScaler" preserve="nothing"/>
		<type fullname="UnityEngine.UI.GraphicRaycaster" preserve="nothing"/>
		<type fullname="UnityEngine.UI.Image" preserve="nothing"/>
		<type fullname="UnityEngine.UI.Outline" preserve="nothing"/>
		<type fullname="UnityEngine.UI.Shadow" preserve="nothing"/>
	</assembly>
</linker>
